<?xml version="1.0" encoding="UTF-8" ?>
<module>
    <name>cs_invisible_recaptcha_v2</name>
    <displayName><![CDATA[Invisible reCaptcha]]></displayName>
    <version><![CDATA[1.0.3]]></version>
    <description><![CDATA[Ajouter un reCaptcha Invisible &agrave; votre formulaire de contact]]></description>
    <author><![CDATA[comonsoft]]></author>
    <tab><![CDATA[front_office_features]]></tab>
    <is_configurable>1</is_configurable>
    <need_instance>1</need_instance>
	<limited_countries></limited_countries>
</module>