<?xml version="1.0" encoding="UTF-8" ?>
<module>
    <name>sendcloud</name>
    <displayName><![CDATA[SendCloud | Europe&#039;s Number 1 Shipping Tool]]></displayName>
    <version><![CDATA[1.1.5]]></version>
    <description><![CDATA[SendCloud helps to grow your online store by optimizing the shipping process. Shipping packages have never been that easy!]]></description>
    <author><![CDATA[SendCloud Global B.V.]]></author><author_uri><![CDATA[https://sendcloud.eu]]></author_uri>
    <tab><![CDATA[shipping_logistics]]></tab>
	<confirmUninstall><![CDATA[After uninstalling you will not be able to see your orders in the SendCloud Panel. Are you sure?]]></confirmUninstall>
    <is_configurable>1</is_configurable>
    <need_instance>0</need_instance>
	<limited_countries></limited_countries>
</module>